{
  "rouge_base": {
    "rouge1": 0.1409685796546529,
    "rouge2": 0.051385085249504546,
    "rougeL": 0.09856120768380448,
    "rougeLsum": 0.10320257763399719
  },
  "rouge_ft": {
    "rouge1": 0.19882569995763866,
    "rouge2": 0.05445755585987917,
    "rougeL": 0.14415654865710475,
    "rougeLsum": 0.14332261477699218
  }
}